Filename,Skills_Count,Skill_Score,Semantic_Score,Experience_Score,Composite_Score,Qualified
best_generated.pdf,31,0.7857142857142857,0.800614595413208,0.3333333333333333,0.7494163762955438,True
worst_generated.pdf,18,0.2857142857142857,0.4352823793888092,0.3333333333333333,0.3802170466809045,False
